Query 1,Query 2,Query 3
best pizza,margherita pizza,which cheese for margherita pizza
top lyrics,best verses,most inspiring lines in poetry
politician speeches,politician debates,politician debate highlights
trending topics,popular discussions,trending topics in forums
loss trends,loss analysis,loss mitigation strategies
famous musicians,legendary artists,timeless music influencers
famous men,legendary figures,mythical heroes and their stories
kiwi benefits,kiwi nutrition,health benefits of kiwi
word definitions,word origins,etymology of common words
when is summer,summer activities,best outdoor summer experiences
top ticket sales,highest revenue,highest revenue by region
popular series,trending shows,popular series right now
local sports,regional athletics,local track and field events
premier league,football standings,latest football results
athletes achievements,athletes records,athletes performance statistics
financial loss,economic impact,long-term economic consequences
politician profiles,politician backgrounds,politician education history
how to cook,meal prep,healthy meal prep ideas
internet slang,social media terms,popular social media trends
famous athletes,legendary sports figures,impact of sports legends
most popular,most searched,trending topics this week
australian politicians,political parties,political party platforms analysis
australian news,latest headlines,top news stories today
when is summer,summer activities,best summer activities ideas
live sports,sports events,upcoming sports events schedule
overall trends,current patterns,emerging trends in analysis
latest headlines,breaking news,latest updates on developments
beach holidays,tropical getaways,best tropical destinations for relaxation
delivery options,shipping methods,shipping rates and options
covid symptoms,covid treatment,latest covid treatment guidelines
where is,find location,provide directions to location
fashion trends,style predictions,analyzing recent fashion trends
female icons,cultural symbols,impact of cultural symbols
trending kiwis,popular kiwis,nutritional benefits of kiwis
skincare routine,daily moisturizer,best daily moisturizer reviews
song meanings,lyric interpretations,exploring song meanings further
how to bake,bake cake,frost the cake now
women empowerment,gender equality,promoting women's rights initiatives
strength training,muscle recovery,best practices for muscle recovery
uk chart toppers,uk chart history,uk chart trends analysis
fashion brands,luxury labels,top luxury fashion brands
top athletes,greatest athletes,top sports icons of all time
live sports,sports updates,latest sports news updates
how to meditate,meditation techniques,benefits of regular meditation
news items 2014,events 2014,significant events in 2014
where is paris,france location,france geographical features overview
top ten,best five,top five recommendations
trending topics,popular discussions,recent trending topics
global leaders,political influence,impact of political influence
football legends,football icons,football legends of all time
