Query 1,Query 2,Query 3,Query 4,Query 5
best pizza,margherita pizza,which cheese for margherita pizza,where to find swiss cheese,why does swiss cheese has holes
famous athletes,legendary sports figures,iconic moments in sports history,what defines sports greatness,what factors contribute to sports success
how to cook,meal prep,healthy meal prep ideas,what are easy meal prep recipes,how to store meal prep meals
premier league,football results,latest football scores today,which teams won today,which players scored in today's games
word meanings,definition examples,usage scenarios for definitions,how to apply definitions effectively,how to integrate definitions in practice
fitness routine,nutrition plan,grocery list for meal prep,what ingredients for meal prep,how to store meal prep safely
politician profiles,politician biographies,politician career achievements,what are significant contributions,what are notable achievements in history
when to plant,planting techniques,best soil for planting techniques,what nutrients enhance soil quality,which practices improve soil health
elite athletes,top performers,recent achievements of top performers,what drives top performers success,how do top performers maintain success
top ten,best practices,implementing best practices effectively,what are key strategies for implementation,what are common challenges in implementation
overall metrics,detailed analysis,comprehensive review of findings,what are the key insights,what are the main implications observed
aussie trends,aussie fashion,latest trends in aussie fashion,what styles are popular now,what trends are emerging this season
loss trends,loss analysis,root cause investigation,what are the contributing factors,what influences these contributing factors
top ticket sales,highest grossing,highest grossing movies list,which movies topped box office,which films are currently popular
indie bands,indie artists,popular indie artists today,who are trending indie musicians,which indie musicians are gaining popularity
image search,photo collection,recent photo collection updates,what are the latest uploads,what are the most popular uploads
aussie celebrities,aussie actors,famous australian film stars,which australian actors are renowned,which australian actors are award winners
popular series,trending shows,popular shows right now,which shows are trending now,what shows are popular this week
top trending,latest updates,recent changes in information,what are the latest updates,what are the recent developments
fastest rising,highest growth,highest growth companies 2023,which industries are expanding rapidly,which companies are leading these industries
athletes achievements,athletes records,athletes achievements and milestones,what are recent athlete records,which athletes broke records recently
top olympians,greatest athletes,top sports legends in history,which sports legends inspired generations,what qualities define great sports legends
coronavirus variants,vaccine effectiveness,factors influencing vaccine efficacy,how do storage conditions affect,what are ideal storage conditions
skincare routine,product recommendations,related items to consider,which alternatives to explore,what options can be considered next
uk number ones,uk charts,latest uk chart updates,what are the current top songs,which artists are trending right now
upcoming events,recent activities,upcoming events and schedules,what are the event details,what are the ticket prices
what is love,define affection,examples of affectionate behavior,what are signs of affection,what are examples of affection signs
celebrity news,latest gossip,new celebrity rumors today,which celebrities are trending now,what are the latest celebrity news
famous men,notable figures,historical impact of figures,how did figures influence society,what role did leaders play in society
trending news,latest updates,recent news developments,what are the latest updates,what are the recent changes
kiwi benefits,kiwi nutrition,health benefits of kiwi,what nutrients are in kiwi,which vitamins are found in kiwi
what is,additional information,more details required,what specific details are needed,what information should be included
music performances,live concerts,upcoming live music events,what are the best venues,which venues have the best reviews
famous authors,literary works,notable authors and their works,which authors influenced their genres,which works define their literary movements
football rankings,latest standings,recent match results,what are the player stats,what are the team stats
global leaders,international diplomacy,global diplomatic strategies and practices,how countries navigate diplomatic relations,how nations manage international negotiations
top lyric searches,popular song lyrics,top charting song lyrics,what are popular music themes,what are common music genre themes
australian news,latest headlines,recent news updates,what are the latest headlines,what are the top news stories
track hits,monitor activity,track user engagement metrics,how to analyze engagement trends,what tools measure engagement metrics
how to cook,cooking techniques,popular cooking methods today,what are trending cooking techniques,what are popular cooking methods now
meme culture,internet humor,memes and internet culture,what are popular meme trends,what are the latest meme trends
breaking news,latest updates,recent news articles,what are the latest updates,what are the recent changes
financial losses,financial recovery,strategies for financial recovery,how to implement recovery plans,what are key elements of recovery plans
global football players,international soccer stars,top players in football history,who are the greatest footballers,which footballers have the most trophies
who is elon,elon musk,latest news on elon musk,what is elon musk's latest project,what are the details of spacex's plans
when is summer,summer activities,fun summer activities ideas,what are some fun summer ideas,what are some creative summer activities
football highlights,football analysis,advanced football tactics overview,how to implement advanced tactics,what strategies enhance advanced tactics
news items 2013,top stories 2013,highlights from 2013 events,what were 2013 event highlights,what were notable moments in 2013
beach resorts,ocean activities,best ocean sports to try,which ocean sports are popular,what equipment is needed for surfing
lyric analysis,theme exploration,analyzing thematic elements further,what themes are most prominent,what motifs enhance the narrative
