Query 1,Query 2,Query 3,Query 4,Query 5
best pizza,margherita pizza,which cheese for margherita pizza,where to find swiss cheese,why does swiss cheese has holes
meme culture,internet humor,viral memes and trends,what are the latest challenges,what strategies address these challenges
vocabulary development,language acquisition,factors influencing language development,what impacts early language skills,what influences the development of vocabulary
what is meditation,benefits of meditation,how to start meditating effectively,what techniques enhance meditation practice,what benefits come from meditation techniques
latest headlines,breaking news,latest updates on breaking news,what are today's top stories,what are the latest updates today
track hits,analyze traffic,evaluate traffic patterns,analyze peak traffic times,what causes fluctuations in traffic patterns
song lyrics,music themes,exploring various music genres,what are popular music styles,which music styles are most influential
top olympians,greatest athletes,most influential sports figures,which athletes changed sports history,what athletes influenced sports evolution
diy projects,craft ideas,explore creative crafting techniques,what are innovative crafting ideas,what are unique crafting techniques
what is democracy,types of democracy,advantages of different democracies,how do democracies differ globally,what are the types of democracies
financial losses,economic impact,long term economic consequences,what are the potential impacts,what are the consequences of change
covid variants,variant spread,impact of variant spread,how does variant spread affect,what impacts variant spread dynamics
fastest rising,fastest growing,emerging trends in growth,what are key growth indicators,what factors influence growth indicators
how to bake,baking tips,essential baking tools to use,what are must-have baking tools,what are essential baking techniques
premier league,football highlights,latest football match summaries,what are the recent highlights,what are the key takeaways
global leaders,world governments,global political structures analysis,what influences political systems globally,what drives changes in global governance
news items 2014,news highlights 2014,major events of 2014,what were the key events,what were the major outcomes
top ten,top five,top five trending topics,what are the latest trends,what are the emerging trends now
men's fashion,stylish outfits,trendy outfit combinations for events,which accessories enhance outfits,what accessories complement casual outfits
classic films,vintage cinema,classic film restoration techniques,what are modern restoration methods,what are the benefits of restoration
sports highlights,game recaps,highlights from recent games,what are the latest scores,what are the current game results
top celebrities,latest trends,emerging trends in industries,what are the key industries,which sectors are experiencing growth
uk number ones,uk number twos,uk number two hits list,which artists have two hits,which artists had multiple chart successes
popular songs,top charts,latest music releases,what are the trending albums,what are the top songs right now
fashion trends,style evolution,fashion trends over the years,what influences fashion trends today,what factors shape modern fashion trends
famous men,influential leaders,impact of leadership styles,how leadership styles influence outcomes,how leadership styles affect team dynamics
top trending,latest updates,recent news developments,what are the latest updates,what are the recent changes
football highlights,match recap,player performance analysis,how to improve player metrics,what strategies enhance player performance
overall searches,search trends,recent data analysis techniques,what are popular tools available,what tools are trending now
global figures,international statistics,global demographic trends analysis,how do demographics affect economies,what role do demographics play in economies
