Query 1,Query 2,Query 3,Query 4,Query 5
best pizza,margherita pizza,which cheese for margherita pizza,where to find swiss cheese,why does swiss cheese has holes
popular trends,emerging styles,latest trends in fashion,how to style summer outfits,how to accessorize summer outfits
viral meme,meme trends,popular meme formats today,how to create meme formats,what makes a good meme format
how to bake,baking techniques,best tools for baking techniques,how to improve baking skills,what tools enhance baking techniques
great athletes,legendary athletes,most inspiring legendary athletes,who are the greatest athletes,which athletes changed sports history
favorite athletes,favorite teams,favorite players from those teams,who are top players now,how do top players train daily
flawless skin,radiant complexion,skincare routine for radiant complexion,how to maintain healthy skin,what foods benefit healthy skin
global leaders,world leaders,current world leaders list,who are the current leaders,how do leaders influence their teams
financial loss,financial recovery,steps for financial recovery,how to rebuild credit score,what steps improve my credit score
what is time,current time,current date and day,what is today's weather forecast,how to prepare for rain
top athletes,top performers,top performers in sales,how to train top salespeople,what motivates top salespeople to excel
fresh kiwis,ripe kiwis,health benefits of ripe kiwis,how to eat ripe kiwis,how to store ripe kiwis properly
famous aussies,aussie celebrities,top australian actors and actresses,how to discover australian films,what makes australian films unique
great leaders,inspiring leaders,traits of inspiring leaders,how to develop leadership skills,what are key leadership traits
what is,best burger,best toppings for burgers,how to make burger toppings,what are popular burger toppings combinations
stylish suits,tailored blazers,stylish outfits with blazers,how to style a blazer,what accessories go well with blazers
top headlines,latest news,latest news updates,what are today's headline stories,how are headlines affecting public opinion
top celebrities,famous actors,most popular movies starring actors,what are top actors movies,which actors star in top movies
latest headlines,breaking news,latest updates on breaking news,what are today's top stories,who are the key figures today
famous actors,hollywood stars,famous hollywood star couples,when did they start dating,how long have they been together
exciting matches,thrilling games,best thrilling games to play,what are the scariest games,how to survive in horror games
popular lyrics,hit lyrics,hit song lyrics meaning,how to analyze song lyrics,what themes are common in lyrics
top ten,top albums,best songs from top albums,what are the top album artists,who are the most popular album artists
top players,top stats,top players in the league,who are the top scorers,how many goals did they score
where is paris,eiffel tower,best views from eiffel tower,what to see from eiffel tower,what views are visible from eiffel tower
recent losses,recent trends,impact of recent trends,what drives recent trends,how do trends influence consumer behavior
when is summer,summer activities,best summer activities for families,what are fun family outings,when to plan family outings together
great football,exciting matches,best players in exciting matches,who scored in thrilling matches,which players scored in recent matches
daily workout,strength training,benefits of strength training,how to start strength training,what exercises improve strength training
top charts,popular songs,top artists of popular songs,who are the top songwriters,how do songwriters create hits
most searched,popular searches,trending topics in search,what are today's trending searches,how are trending searches determined
latest statistics,current trends,impact of current trends,how trends affect consumer behavior,how trends influence purchasing decisions
tropical getaways,beach resorts,best activities at beach resorts,what to pack for beach resorts,how to choose beach resort outfits
famous australians,notable australians,famous achievements of australians,what are notable australian inventions,how did australian inventions impact society
how to cook,roast chicken,sides for roast chicken,what vegetables pair well,how to cook vegetables for pairing
top musicians,top albums,best songs from top albums,what are the best tracks,which tracks have the best beats
easy pasta,simple pasta,best sauce for simple pasta,what herbs for pasta sauce,how to use herbs in sauce
how to cook,grilled chicken,sides for grilled chicken,what vegetables pair with chicken,how to cook chicken with vegetables
global leaders,world leaders,influence of world leaders,how leaders shape global policies,how do leaders influence international agreements
trending shows,new releases,latest music album releases,when to listen new albums,how to discover new music releases
famous athletes,legendary athletes,most memorable moments in sports,when did sports history change,how did sports history evolve over time
creative designs,unique patterns,exploring unique pattern examples,how to create unique patterns,what materials create unique patterns
overall searches,overall trends,analyzing market trends,how to interpret market data,what factors influence market data
most popular,trending topics,popular hashtags for trending topics,how to use popular hashtags,when to post with popular hashtags
top matches,top players,best players of all time,who are the greatest athletes,who defines greatness in sports
largest cities,largest countries,smallest countries by area,what are the largest countries,how do countries rank by size
trendy outfits,fashion trends,latest fashion accessories trends,what are popular accessory colors,how to choose accessory color combinations
unique vocabulary,rich vocabulary,improving vocabulary skills,how to learn new words,how to use new vocabulary effectively
latest headlines,breaking news,latest updates on breaking news,when to expect new updates,when will updates be available
top scorers,top players,top players statistics analysis,who leads in player statistics,how to interpret player statistics
