Query 1,Query 2,Query 3,Query 4,Query 5
best pizza,margherita pizza,which cheese for margherita pizza,where to find swiss cheese,why does swiss cheese has holes
kiwi culture,kiwi farming,best practices for kiwi farming,how to improve kiwi yield,what factors affect kiwi growth
latest vaccine,covid vaccine,covid vaccine side effects,what to do after vaccination,how to manage side effects after vaccination
simple recipes,quick snacks,easy recipes for quick snacks,what ingredients for quick snacks,how to prepare quick snacks easily
latest scores,team standings,latest team standings updates,when is next game schedule,when will next game start
what is,best pasta,best sauce for pasta,what herbs for pasta sauce,how to use herbs in sauce
top trends,emerging trends,impact of emerging trends,what are the key impacts,how do impacts affect businesses
popular tickets,concert tickets,best websites for concert tickets,how to buy concert tickets,what to do after buying tickets
top ten,top albums,best songs from top albums,when to listen to top albums,how to enjoy top albums fully
top artists,top albums,best songs from top albums,what are the top tracks,which artists created the top tracks
viral meme,funny meme,best funny meme accounts,what are top meme pages,how to create popular meme content
overall searches,search trends,analyze search trends data,how to interpret search trends,what affects search trends over time
financial loss,financial recovery,steps for financial recovery,how to rebuild credit score,how to maintain a good credit
top celebrities,celebrity news,latest celebrity gossip updates,who is dating whom now,how long have they been together
aussie snacks,aussie lollies,aussie lollies flavors and types,how to make aussie lollies,what ingredients for aussie lollies
latest blockbuster,top grossing,highest earning films worldwide,what are top grossing films,how much did top films earn
top politicians,political leaders,influence of political leaders,how to analyze political influence,how to measure political impact
top stories,latest news,current events and updates,what's trending in news today,what are today's top news stories
stylish shoes,trendy sneakers,best brands for trendy sneakers,who sells popular sneaker brands,how to choose popular sneaker brands
famous olympians,olympic records,most impressive olympic records,how to break olympic records,who holds the current olympic records
famous actors,oscar winners,list of oscar winners,who directed best picture winners,which directors won best picture awards
top hits,top albums,best songs from top albums,what are top album artists,who are the best album artists
top hits,chart toppers,top chart hits of 2023,when to release new albums,what influences album release timing
popular lyrics,favorite songs,top artists for favorite songs,who sings my favorite songs,how to discover new favorite artists
unique vocabulary,rich vocabulary,enhancing rich vocabulary skills,how to improve vocabulary skills,what are effective vocabulary exercises
latest scores,recent highlights,highlights from recent games,what to watch next game,when is the next game scheduled
fitness routine,workout plan,best exercises for workout plan,how to increase workout intensity,how to maintain high workout intensity
great aussies,famous aussies,most influential aussies in history,who are notable australian figures,who are famous australian sportspeople
what is,best coffee,best coffee brewing methods,how to choose coffee beans,what factors affect coffee flavor
largest cities,most populous,most populous countries worldwide,how to rank countries by population,which countries have the largest populations
