Query 1,Query 2,Query 3
best pizza,margherita pizza,which cheese for margherita pizza
latest hits,top charts,explore popular music genres
top movies,highest grossing,top highest grossing films
fitness goals,fitness routine,best exercises for fitness routine
latest headlines,breaking news,latest updates on breaking news
famous artists,modern artists,influential modern artists today
financial loss,financial recovery,steps for financial recovery
aussie slang,aussie expressions,popular australian slang terms
top celebrities,famous actors,top movies featuring famous actors
top athletes,top performers,top strategies for performers
viral memes,funny memes,best funny memes collection
latest vaccine,vaccine updates,latest vaccine efficacy results
how to cook,pasta recipes,best pasta sauce ideas
top trends,emerging trends,impact of emerging trends
overall performance,performance metrics,methods to improve performance metrics
delicious curry,spicy curry,best side dishes for curry
top artists,top albums,best songs from top albums
famous olympians,olympic records,top athletes in olympics
top ten,top albums,best songs from top albums
how to cook,grilled chicken,best sides with grilled chicken
top headlines,latest news,latest news updates today
classic movies,silent films,impact of silent films
famous actors,famous actresses,top movies featuring famous actresses
what is love,true affection,expressing true affection ways
latest lyrics,newest songs,top charts for newest songs
stylish jackets,leather jackets,best styles of leather jackets
natural skincare,herbal remedies,benefits of herbal remedies
top scorers,top players,top players statistics
latest scores,recent matches,upcoming fixtures and results
top athletes,great athletes,top skills of great athletes
