Query 1,Query 2,Query 3,Query 4,Query 5
best pizza,margherita pizza,which cheese for margherita pizza,where to find swiss cheese,why does swiss cheese has holes
fastest rising,fastest growing,fastest growing industries today,what are top emerging sectors,how to invest in emerging sectors
why is sky,blue sky,clear blue skies are beautiful,why are clear skies calming,how do clear skies affect mood
fresh kiwis,ripe kiwis,benefits of ripe kiwis,how to eat ripe kiwis,what nutrients do ripe kiwis contain
natural skincare,organic skincare,best organic skincare brands,what are the top ingredients,how to use top ingredients effectively
how to cook,grilled chicken,grilled chicken seasoning options,how to make chicken marinade,what spices enhance chicken marinade flavor
overall searches,search trends,impact of search trends,how to analyze search trends,what factors influence search trends
popular tickets,concert tickets,best seats for concert tickets,how to choose concert seats,what factors affect concert seating
latest headlines,breaking news,latest updates on breaking news,what are today's top stories,who is featured in today's headlines
aussie trends,aussie fashion,trends in aussie fashion,how to style aussie outfits,what accessories enhance aussie outfits
