Query 1,Query 2,Query 3,Query 4,Query 5
best pizza,margherita pizza,which cheese for margherita pizza,where to find swiss cheese,why does swiss cheese has holes
portugal cities,lisbon attractions,best times to visit lisbon,what to do in lisbon,how to explore local cuisine in lisbon
iranian inventions,iranian contributions,iranian contributions to art,how did iranian art evolve,what influences modern iranian art
russian parties,political factions,impact of political factions,how to analyze political factions,what influences political faction dynamics
south dakota families,south dakota parenting,resources for south dakota parents,what activities for south dakota parents,what are fun events for families
cape verdean artists,cape verdean music,popular artists in cape verdean music,who are famous cape verdean musicians,what are popular cape verdean songs
notable films,classic films,best classic films of all time,what makes a film classic,how do films achieve classic status
6 ft gauge,railroad gauge,types of railroad gauges,how to measure railroad gauge,what tools are used for measuring gauge
classic rootes,classic cars,best classic car models,when to restore classic cars,how to maintain classic cars properly
snooker championships,world snooker,world snooker championship results,when is next snooker championship,who are the top snooker players
completed bridges,historic bridges,features of historic bridges,what materials used in bridges,how do materials affect bridge design
unique endings,surprising conclusions,unexpected findings in research,what to do with anomalies,how to address data anomalies
ancient languages,lost scripts,finding lost scripts online,how to retrieve lost scripts,when to recover lost scripts
bernstein scores,bernie mac,bernie mac movie roles,when did bernie mac star,what movies did bernie mac appear
epic battles,historic wars,impact of historic wars,how wars shaped modern society,how wars influenced cultural development
ukrainian aviation,ukrainian airlines,ukrainian airlines routes and services,when do ukrainian airlines operate,what routes do ukrainian airlines cover
notable belgian biologists,famous belgian ecologists,notable contributions by belgian ecologists,what are belgian ecological initiatives,how do belgian initiatives promote sustainability
angiotensin inhibitors,angiotensin receptors,functions of angiotensin receptors,how angiotensin impacts blood pressure,how does angiotensin affect kidneys
flight instruments,cockpit displays,types of cockpit displays,how to use cockpit displays,what features do cockpit displays have
lima province,lima region,best attractions in lima region,what to do in lima region,what are the best restaurants in lima
pennsylvania hockey,hockey leagues,top teams in hockey leagues,who are the top players,how do top players perform consistently
peaceful protests,nonviolent demonstrations,impact of nonviolent demonstrations,how nonviolent protests affect change,how do nonviolent protests inspire others
prominent violinists,famous violinists,top performances by violinists,who are famous violinists today,which violinists are trending now
feminist themes,women empowerment,impact of women empowerment,how to promote gender equality,what are the benefits of equality
schleswig holstein,north germany,best cities in north germany,what to do in hamburg,what are the best museums in hamburg
denton attractions,denton museums,denton museum exhibits and events,what are the current exhibits,how long are the current exhibits
lunar maria,lunar highlands,composition of lunar highlands,how to analyze lunar samples,what techniques are used for analysis
organic compounds,synthetic compounds,applications of synthetic compounds,what are common synthetic compounds,how are synthetic compounds created
rock n roll,classic rock,best classic rock albums,who influenced classic rock music,how did classic rock evolve over time
500s deaths,covid fatalities,covid fatalities by country,how to track covid cases,how to interpret covid case data
