Query 1,Query 2,Query 3,Query 4,Query 5
best pizza,margherita pizza,which cheese for margherita pizza,where to find swiss cheese,why does swiss cheese has holes
aviation organisations colombia,aviation regulations colombia,aviation safety standards colombia,what are colombian aviation regulations,what are the key regulations in colombia
image requests,image uploads,image upload limitations and guidelines,what are optimal image formats,what are recommended image resolutions
cheshire architecture,cheshire design,exploring cheshire design trends,what are popular cheshire designs,which cheshire designs are trending now
cuban socialism,cuban economy,cuban economy recent developments,what are current economic policies,what are the impacts of policies
yoruba priests,yoruba rituals,importance of yoruba rituals,how do yoruba rituals influence life,what are the key yoruba rituals
mental wellness austria,mental health support,accessing mental health resources,where to find support groups,how to join a support group
wyoming highways,wyoming roads,wyoming road conditions today,what are wyoming road updates,what are the latest road conditions
buddhist deities,buddhist symbolism,exploring buddhist symbols meaning,what are common buddhist symbols,what do buddhist symbols represent
ethiopian regions,ethiopian culture,traditional ethiopian customs and practices,what are common ethiopian traditions,what are popular ethiopian cultural practices
biological hazards,chemical risks,chemical safety measures,what are effective chemical precautions,how to implement chemical safety measures
wikiproject tasmania,wikiproject history,wikiproject history overview,what are wikiproject history goals,what are wikiproject history tasks
clubs and societies,events calendar,upcoming events schedule,what are the event details,what are the ticket prices
sino-tibetan syntax,sino-tibetan grammar,sino-tibetan language features,what are sino-tibetan languages,what are examples of sino-tibetan languages
go nagai works,go nagai characters,go nagai character bios,which go nagai series features,which go nagai characters are popular
former english subdivisions,historical regions,significance of historical regions,how do regions influence culture,how do cultures shape regional identity
1302 endings,1302 chapters,explore chapter summaries,what are character analyses,how to conduct character analyses
ai applications,ai trends,emerging ai technologies 2023,what are the latest advancements,what are the key innovations recently
oceania 1950,oceania history,oceania cultural developments overview,how has oceania influenced culture,how does oceania shape contemporary art
taneyev compositions,taneyev biography,taneyev musical contributions,what are taneyev's major works,what influences shaped taneyev's music
berkshire housing,berkshire rentals,berkshire vacation homes available,where to book berkshire rentals,how to find berkshire rentals
1124 beginnings,1124 endings,1124 alternate conclusions,what are alternative outcomes,what are potential consequences of changes
science technology anguilla,innovation anguilla,sustainable development in anguilla,how to promote eco tourism,which strategies enhance eco tourism initiatives
turkish sports coaches,turkish sports teams,popular sports clubs in turkey,which teams have most fans,which teams have the most merchandise
new south wales islands,nsw island attractions,best beaches in nsw,which beaches are family-friendly,what activities to do at beaches
1925 by country,1925 by region,1925 by country,what happened in 1925 globally,what major events occurred in 1925
190s bc deaths,180s bc deaths,famous figures from 180s bc,who influenced politics in 180s bc,what were the major political events
history of malaysia,cultural heritage,preservation of cultural heritage,how to support cultural heritage,what are effective preservation strategies
1845 origins,1845 significance,impact of events in 1845,what were the key outcomes,what were the main insights gained
alaska gardens,alaska wildlife,alaska wildlife conservation efforts,what are alaska's wildlife challenges,what solutions exist for wildlife issues
second millennium conflicts,twenty first century conflicts,recent global military interventions,what are current military interventions,what are key outcomes of interventions
south china,south china sea,tensions in the south china sea,what are the recent developments,what are the latest updates
college tennis teams,college tennis rankings,latest college tennis scores,what are today's tennis results,what were yesterday's tennis scores
politics 1898,politics 1900,politics in the early 1900s,what influenced early 1900s politics,what were key events in early politics
british christian albums,uk gospel albums,top uk gospel artists,which uk gospel albums are popular,which uk gospel artists are trending
luge equipment,luge accessories,luge gear for better performance,what to consider for luge gear,what types of luge gear exist
guinea independence,guinea revolution,guinea revolution historical impact,what were the consequences of guinea revolution,what were the impacts of revolution
softball history,softball evolution,softball history and milestones,what are softball's key events,which teams dominate in softball championships
execution tools,automation software,best automation software options,which automation tools are best,which automation tools to consider next
business optimization,process improvement,methodology for process enhancement,how to implement process improvements,what strategies enhance process efficiency
adventure game characters,fantasy game heroes,fantasy game villain characters,which fantasy game villains stand out,which fantasy game heroes are memorable
swiss nationality,swiss citizenship,requirements for swiss citizenship,what are swiss citizenship benefits,what are swiss citizenship requirements
religious diversity nepal,cultural harmony nepal,cultural diversity in nepal,how does culture influence society,what are examples of cultural impact
gophers basketball,gophers schedule,gophers game results today,where to watch gophers next,where to find gophers nearby
animals in films,animal characters,popular animal character stories,which animal character tales are popular,which animal tales are most beloved
sicilian heritage,sicilian culture,sicilian cultural traditions and practices,what are sicilian folk traditions,how do sicilian folk traditions celebrate
defunct railroad companies,abandoned railroads,rehabilitating old train tracks,how to maintain old tracks,what are best practices for preservation
former lone star conference,recent developments,current trends in progress,what are recent developments in progress,what are the latest progress updates
defunct periodicals,historical magazines,vintage publications and articles,which vintage articles are available,what vintage articles can I find
organizations established,organizations dissolved,organizations that ceased operations,what led to their closure,what were the main reasons behind
