Query 1,Query 2,Query 3
best pizza,margherita pizza,which cheese for margherita pizza
media landscape,media trends,impact of media trends
turkish managers,turkish leadership,turkish political landscape
top software,top applications,best features of top applications
nature spirits,elemental beings,types of elemental beings
966 beginnings,new beginnings,embracing change in life
famous musicians,legendary musicians,influential albums by legendary musicians
notable works,famous novels,themes in famous novels
nicaraguan poetry,nicaraguan poets,notable works by nicaraguan poets
lunenburg heritage,lunenburg history,notable events in lunenburg history
