Query 1,Query 2,Query 3
best pizza,margherita pizza,which cheese for margherita pizza
netherlands athletes,dutch sports,popular dutch athletes and teams
horror fiction by medium,gothic novels,popular gothic novel themes
gambling regulations,gambling laws,current gambling regulations overview
spiritual practices,mindfulness techniques,mindfulness benefits for stress relief
1876 origins,1876 significance,impact of 1876 on history
medieval crusades,crusader states,history of crusader states
the broads,the sisters,the sisters bond deeply
towers by country,tallest buildings,most iconic skyscrapers in history
san diego towns,san diego neighborhoods,best places to live san diego
