Query 1,Query 2,Query 3
best pizza,margherita pizza,which cheese for margherita pizza
classic russian,russian literature,notable authors in russian literature
slovak theater,slovak drama,best slovak drama performances
313 endings,alternate endings,popular alternate endings examples
top crunk,crunk playlist,best crunk songs playlist
top immunologists,top researchers,latest publications by top researchers
german aircraft,german fighter,famous german fighter planes
singaporean guitarists,local guitarists,best guitarists in town
subway schedule,subway map,subway stations near me
1326 beginnings,new beginnings,embracing change in life
