Query 1,Query 2,Query 3,Query 4,Query 5
best pizza,margherita pizza,which cheese for margherita pizza,where to find swiss cheese,why does swiss cheese has holes
1941 literature,1941 novels,popular 1941 book titles,what were notable authors 1941,which books were published in 1941
1610s literature,1620s literature,notable authors of the 1620s,which works define 1620s literature,what themes are prominent in 1620s literature
dslr cameras,camera lenses,types of camera lenses,which lens for portrait photography,which focal length for portraits
629 endings,630 conclusions,analyze 630 conclusions further,how to interpret these conclusions,what are the implications of these conclusions
german sailors,german navy,current german navy capabilities,what are germany's naval plans,how is germany increasing naval capabilities
iceland adventures,iceland experiences,iceland travel tips and advice,what to pack for iceland,what clothes to wear in iceland
diabetes organizations,diabetes resources,diabetes management tips,what are effective meal plans,what are common meal plan strategies
royal australian airforce,australian defence,australian defence policy updates,what are recent defence changes,what are key implications of changes
portuguese kings,portuguese queens,famous queens of portugal,which queens ruled portugal,which queens were influential in portugal
