Query 1,Query 2,Query 3,Query 4,Query 5
best pizza,margherita pizza,which cheese for margherita pizza,where to find swiss cheese,why does swiss cheese has holes
notable organizations,prominent charities,impact of prominent charities,how charities influence community development,how do charities support local growth
wikipedians baltic,baltic history,baltic history and culture,what influences baltic traditions,how do baltic traditions evolve over time
middle east,arabian cuisine,popular dishes in arabian cuisine,what ingredients in kabsa dish,how is kabsa prepared traditionally
contract law,breach remedies,types of breach remedies,how to calculate damages,what factors affect damage calculations
cultural history,cultural influences,impact of cultural influences,how to embrace cultural diversity,how to celebrate cultural differences
notable deaths,famous figures,impact of famous figures,how to analyze their influence,who are the key influencers identified
dna methylation,gene regulation,mechanisms of gene regulation,how to study gene regulation,what influences gene regulation mechanisms
czechoslovak ministers,czechoslovak leaders,czechoslovak leaders in history,who were notable czechoslovak leaders,when did czechoslovak leaders rule
top television,popular shows,top trending shows right now,what are the top shows,which shows are trending right now
new zealand cycling,mountain biking,best trails for mountain biking,what to pack for biking,how to stay safe while biking
education cambridgeshire,cambridgeshire schools,best cambridgeshire schools rankings,how to apply to cambridgeshire schools,what documents are needed for application
1042 beginnings,new beginnings,embracing change in life,how to adapt to change,what are the benefits of change
wars in 1808,peninsular war,impact of peninsular war,how did peninsular war end,what were the main outcomes
ugandan athletes,ugandan runners,training techniques for ugandan runners,how to improve running speed,what exercises increase running speed
afl players,afl teams,afl team rankings 2023,how to view afl fixtures,when are afl matches scheduled
city histories,city landmarks,famous buildings in cities,which cities have iconic buildings,which cities are known for architecture
military equipment,tactical gear,best tactical gear brands,how to choose tactical gear,what materials are best for tactical gear
top venues,popular bars,best cocktails in popular bars,what are popular cocktail recipes,how to make classic cocktails at home
top tournaments,major leagues,top players in major leagues,who are the leading scorers,how many points do they have
luxury brands,designer handbags,best brands for designer handbags,how to choose luxury handbags,what materials are luxury handbags made
castilla la mancha,ciudad real,explore attractions in ciudad real,what to see in ciudad real,what activities to do in ciudad real
ancient poets,greek poets,notable works of greek poets,who are famous greek poets,what are the themes in greek poetry
famous quartets,string quartets,best string quartets to listen,who composed famous string quartets,which composers wrote famous quartets
jamie foxx,jamie foxx movies,jamie foxx filmography details,when was jamie foxx born,what are jamie foxx notable movies
upcoming launches,recent launches,details on recent launches,what features in new launches,how to evaluate new launch features
tibet rivers,tibet lakes,best time to visit tibet lakes,what to pack for tibet lakes,what to wear at tibet lakes
irish languages,gaelic dialects,gaelic dialects in scotland,how to learn gaelic dialects,which resources teach gaelic dialects
local sports,local basketball,local basketball teams nearby,when do local games start,how long are local games played
fantasy stories,magical realms,exploring magical realm creatures,what are common magical creatures,how to identify magical creatures
great metaphysicians,famous philosophers,impact of famous philosophers,how philosophers influence modern thought,how do philosophers shape society today
mauritania lakes,mauritania wetlands,importance of mauritania wetlands,how to protect mauritania wetlands,what protects mauritania wetlands biodiversity
traditional festivals,cultural celebrations,traditional foods for cultural celebrations,what desserts for cultural events,what ingredients for cultural desserts
women warriors,famous shieldmaiden,legendary shieldmaidens of history,who were the famous shieldmaidens,what are shieldmaidens known for
railway tunnels,railway bridges,design of railway bridges,how to maintain railway bridges,what materials are used for bridges
rising crime,crime statistics,crime trends in recent years,what factors influence crime rates,how does poverty affect crime rates
hungarian politicians,hungarian elections,hungarian elections results analysis,what factors influenced voter turnout,how do demographics affect voter turnout
historic buildings,ancient architecture,influence of ancient architecture,how ancient architecture influenced society,how did architecture shape cultural identity
political timeline,historical events,impact of historical events,how to analyze historical impacts,what are key historical impacts
louisiana railroads,louisiana trains,louisiana train schedules,when do trains leave louisiana,what are train schedules in louisiana
joseph heller novels,catch 22,themes in catch 22,how to analyze catch 22,what themes are present in catch 22
german electronic,electronic music,best electronic music festivals,when do electronic music festivals start,which artists perform at festivals
chad geography,chad culture,chad culture influences on society,how chad culture affects relationships,how chad culture impacts dating dynamics
civil war,civil rights,impact of civil rights movement,how to analyze civil rights,what factors influence civil rights progress
defunct parties,historical parties,notable historical political parties,when were major parties formed,who were the founding members
public transport,public transit,benefits of public transit,how to improve public transit,what factors affect public transit usage
909 endings,happy endings,romantic movie endings,how to write romantic endings,how to create emotional character arcs
historic events,significant battles,impact of significant battles,how battles influenced history,how battles shaped modern societies
popular programmes,trending shows,top rated episodes this week,what to watch next week,what new shows are premiering next week
legal status,legal implications,consequences of legal implications,what are the legal consequences,how to prevent legal issues
