Query 1,Query 2,Query 3,Query 4,Query 5
best pizza,margherita pizza,which cheese for margherita pizza,where to find swiss cheese,why does swiss cheese has holes
canadian highways,ontario highways,map of ontario highways,how to navigate ontario highways,what are the speed limits on highways
irish towns,irish villages,exploring history of irish villages,what are famous irish villages,which famous irish villages to visit
popular songs,top hits,best albums of the year,what makes an album great,how do lyrics influence an album
cuban theater,cuban plays,notable cuban playwrights and works,who influenced cuban playwrights,which themes dominate cuban theater
historical significance,cultural impact,cultural influences on society,how culture shapes social behavior,how does culture influence communication styles
french landmarks,iconic monuments,famous landmarks around the world,what are the most visited landmarks,how to visit famous landmarks easily
historic buildings,historic landmarks,top historic landmarks to visit,what are must-see historic sites,which historic sites are most popular
colonial conflicts,colonial resistance,effects of colonial resistance,how colonial resistance shaped nations,what factors influenced colonial resistance
portuguese parishes,portuguese churches,historical significance of portuguese churches,how to preserve historical churches,what methods protect historical churches
middle east history,arab spring,impact of arab spring,how did arab spring impact economies,what were the economic consequences of arab spring
roman expansion,roman legions,roman legions in battle,how roman legions were organized,what were the roles in legions
pennsylvania elections,pennsylvania voting,pennsylvania voter registration process,how to update registration details,what documents are needed for updates
dutch sports,dutch football,top players in dutch football,who are top dutch footballers,which clubs have top dutch footballers
shipping companies,freight services,freight services for international shipping,how to choose freight services,what factors affect freight pricing
nottinghamshire schools,nottinghamshire colleges,nottinghamshire college courses available,what programs at nottinghamshire college,how to apply for courses
369 beginnings,new beginnings,embracing change in life,how to accept unexpected changes,what helps in adapting to change
best theatre,top plays,best strategies for top plays,what are effective play techniques,how to implement play techniques effectively
top student athletes,top performers,criteria for top performers,how to recognize top talent,how to evaluate candidate skills
maryland bridges,charm city bridges,exploring charm city bridges,what are famous charm city bridges,how to explore charm city bridges
top cold war films,cold war dramas,best cold war movies,what are the best cold war films,what themes are common in cold war films
popular christian,christian music,best christian music playlists,what are popular worship songs,which worship songs are most sung
september 1982 sports,sports highlights,top plays from last week,what were the highlights today,what made today memorable for you
oulu attractions,oulu restaurants,best dishes in oulu restaurants,what are popular desserts in oulu,what ingredients are in popular desserts
fierce warriors,valiant knights,famous tales of valiant knights,when to read knight stories,how to choose knight stories
bbc orchestras,bbc symphony,bbc symphony concert schedule,when is the next concert,who is performing at the concert
local officers,local law enforcement,local law enforcement resources,what services do police offer,how do police ensure community safety
secure sharing,secure documents,how to encrypt documents,how to secure sensitive files,what are best practices for encryption
honey eater,honey bee,honey bee pollination process,how do bees collect nectar,what happens to nectar after collection
serbian orthodoxy,serbian rituals,traditional serbian wedding customs,how to plan serbian wedding,what are traditional serbian wedding customs
