Query 1,Query 2,Query 3
best pizza,margherita pizza,which cheese for margherita pizza
foreign relations,diplomatic relations,impact of diplomatic relations
vehicle manufacturers,luxury vehicles,best luxury vehicle brands
popular radio,classic radio,best classic radio stations
maidu culture,maidu traditions,maidu cultural practices
diplomatic ties,bilateral relations,impact of bilateral relations
1345 beginnings,new beginnings,embracing change and growth
smoky mountain wrestling,smoky mountain legends,famous stories from smoky mountains
public murals,street art,famous street art locations
popular 419 endings,scam email,how to report scam emails
serbian politics,serbian elections,results of serbian elections
nature protection,wildlife conservation,impact of wildlife conservation
latest albums,popular albums,best songs from popular albums
armenian artists,armenian music,traditional instruments in armenian music
jazz 1926,jazz standards,popular jazz standards list
uk organisations,charity organizations,benefits of donating to charity
tall buildings,skyscraper designs,innovative skyscraper design features
railway accidents,train collisions,causes of train collisions
church schools,private schools,benefits of private schools
famous astronauts,notable astronauts,achievements of notable astronauts
world conflicts,global tensions,impact of global tensions
military cooperation,defense alliances,impact of defense alliances
asian politics,chinese politics,history of chinese politics
great musicians,legendary musicians,influential albums by legendary musicians
microsoft office,office 365,office 365 subscription plans
mizrahi traditions,mizrahi cuisine,mizrahi cuisine recipes and dishes
traditional music,folk songs,popular folk songs collection
famous knights,legendary knights,famous battles of legendary knights
popular superheroes,superhero movies,best superhero movies of 2023
longest river,longest river basin,largest river basin areas
standard gauge,narrow gauge,narrow gauge railways history
established places,famous landmarks,iconic features of famous landmarks
military tactics,naval strategies,historical naval strategies analysis
latest strokes,recent strokes,symptoms after recent strokes
400s births,400s mortality,400s mortality risk factors
popular singers,famous musicians,top albums by famous musicians
triathlon events,triathlon training,best nutrition for triathlon training
top aviation,aviation news,latest aviation industry updates
gators athletes,gators football,gators football schedule 2023
diverse communities,cultural diversity,importance of cultural diversity
top venues,popular bars,best cocktails at popular bars
canon cameras,canon lenses,best canon lenses for portrait
melbourne culture,melbourne events,upcoming melbourne music festivals
vanadium compounds,vanadium alloys,applications of vanadium alloys
historic territories,ancient empires,ancient empires and their legacies
modern art,abstract expressionism,notable artists in abstract expressionism
scientific realism,scientific antirealism,arguments against scientific antirealism
top rowers,elite rowers,training techniques for elite rowers
preferred input,gluten free pizza,best toppings for gluten free pizza
notable books,classic literature,famous authors of classic literature
