Query 1,Query 2,Query 3,Query 4,Query 5
best pizza,margherita pizza,which cheese for margherita pizza,where to find swiss cheese,why does swiss cheese has holes
early beginnings,ancient civilizations,major achievements of ancient civilizations,how did ancient civilizations innovate,what tools did ancient civilizations create
colonial uprisings,revolutionary movements,impact of revolutionary movements,how revolutionary movements spread,what factors influence revolutionary success
top attractions,hidden gems,exploring hidden gems in cities,what to do in hidden gems,how to explore hidden gems effectively
australian logos,australian brands,popular australian fashion brands,who designs australian fashion labels,what influences australian fashion trends
estonia footballers,estonia league,latest estonia league results,when is next estonia league match,who is leading estonia league standings
top organisations,top companies,top companies in technology,who leads in technology innovation,what are the latest tech trends
top artists,top songs,best albums of the year,what are the top songs,how to discover new music
mississippi river,mississippi delta,wildlife in mississippi delta,what animals live in delta,how do animals adapt in deltas
zimbabwe leaders,zimbabwe politics,recent developments in zimbabwe politics,what are the latest updates,how to stay updated on news
