Query 1,Query 2,Query 3,Query 4,Query 5
best pizza,margherita pizza,which cheese for margherita pizza,where to find swiss cheese,why does swiss cheese has holes
golf tournaments asia,golf events asia,upcoming golf tournaments asia,which golf tournaments in asia,what are the top asian golf events
troy history,troy archaeology,troy archaeological discoveries 2023,what are recent troy findings,what new discoveries at troy reveal
fascism ideology,fascism history,fascism impact on modern politics,how fascism shapes current governance,what influences fascism on society
works set in 12th century bc,historical fiction,historical fiction recommendations,what are the best titles,what are the most popular titles
year 1513,spanish conquest,impact of spanish conquest,how did conquest affect culture,what cultural changes followed conquest
justice league,superhero team,best superhero team members,which superheroes have the best powers,which superheroes have the best skills
skeleton sport,sliding sports,popular sliding sports activities,what are popular sliding sports,what are common sliding sports disciplines
1581 art,1581 artists,explore 1581 artist profiles,discover new artist profiles,how to explore emerging artist profiles
1858 conclusions,1858 implications,further analysis of 1858 outcomes,what were the key trends,what are the emerging patterns observed
quebec junior hockey,quebec junior leagues,quebec junior hockey teams,which players are in quebec,which teams compete in quebec leagues
constitutional amendments,bill of rights,importance of the bill of rights,how does the bill protect rights,what benefits does the bill provide
north american cordillera,rocky mountains,exploring the rocky mountains,what to do in rocky mountains,what activities to try in rocky mountains
karnataka cricket,karnataka players,karnataka cricket team history,what are karnataka cricket achievements,what are karnataka cricket records
hard rock albums,classic rock albums,best classic rock songs,what are the top albums,which albums have the best reviews
hungarian political parties,hungarian party system,historical context of hungarian politics,how have parties evolved historically,what factors influenced party development
rugby clubs,rugby teams,popular rugby teams worldwide,which rugby teams are successful,which rugby teams have the most wins
free typesetting software,open source typesetting,open source typesetting tools,which open source options exist,what are the best open source options
new zealand architecture,new zealand buildings,new zealand architectural styles,what influences new zealand architecture,how does climate affect architecture design
paramilitary groups,militia movements,current trends in militia movements,what influences militia group dynamics,what drives recruitment in militia groups
bacău county towns,bacău county villages,bacău county village names,which villages are in bacău,what are the largest villages bacău
welsh political orientation,wales political landscape,wales political parties overview,which parties dominate wales politics,which issues influence wales politics
english sports executives,sports management,career opportunities in sports management,what are the job roles,what are the required qualifications
pigs in literature,pigs in art,symbolism of pigs in culture,what do pigs symbolize globally,what do pigs represent in cultures
cold war vessels,naval strategies,historical naval warfare tactics,what were effective naval strategies,what were successful naval tactics used
athens economy,athens tourism,exploring ancient sites in athens,which ancient landmarks to visit,which ancient landmarks are must-sees
drenthe villages,drenthe attractions,best activities in drenthe,what to do in drenthe,what are the best attractions in drenthe
wikipedia help,wikipedia tips,wikipedia editing best practices,how to improve wikipedia articles,what are best practices for edits
anglican church,anglican community,anglican community events 2023,what are anglican events 2023,which anglican events are upcoming
political repression,state censorship,impact of state censorship,how does censorship affect society,what are the consequences of censorship
