Query 1,Query 2,Query 3
best pizza,margherita pizza,which cheese for margherita pizza
latest scores,recent highlights,latest game results
fastest rising,fastest growing,fastest growing industries today
top ten,top albums,best songs from top albums
when summer,summer activities,best summer activities for families
popular recipes,easy desserts,simple ingredients for easy desserts
easy pasta,simple pasta,best sauce for simple pasta
latest hits,top charts,latest music chart updates
how to cook,simple recipes,easy ingredients for simple recipes
latest trends,fashion trends,upcoming fashion trends for 2023
