Query 1,Query 2,Query 3
best pizza,margherita pizza,which cheese for margherita pizza
fastest rising,fastest growth,fastest growing industries 2023
legendary leaders,inspiring figures,impact of inspiring figures
latest scores,latest highlights,highlights from last week
latest vaccine,covid booster,covid booster side effects
top tickets,vip tickets,vip tickets for concert events
luxury skincare,organic moisturizer,best organic moisturizer brands
great athletes,legendary athletes,top moments in sports history
tasty kiwis,fresh kiwis,nutritional benefits of kiwis
how to cook,vegan recipes,easy vegan dinner ideas
unique vocabulary,rich vocabulary,expanding vocabulary for writing
overall searches,search trends,analyze recent search trends
top trends,emerging trends,impact of emerging trends
financial loss,financial recovery,steps for financial recovery
top politicians,political leaders,impact of political leaders
when is spring,spring activities,best locations for spring activities
recent losses,recent wins,recent challenges faced
top hits,chart toppers,top chart performers this year
top headlines,latest news,top stories in the news
top musicians,popular musicians,top albums by popular musicians
trendy outfits,fashion trends,upcoming fashion trends 2024
top players,top scorers,top scorers of the season
top players,top scorers,top scorers in history
how to cook,pasta recipe,sauce ideas for pasta recipe
latest trends,fashion influences,impact of social media on fashion
popular lyrics,top songs,best albums of the year
tropical getaways,beach resorts,best activities at beach resorts
latest headlines,current news,latest updates on current news
top ten,top albums,best songs from top albums
global leaders,global governance,impact of global governance
global citizens,active citizenship,importance of active citizenship
top athletes,top performers,top performers in sales
popular actresses,famous actresses,top movies featuring famous actresses
what is love,true love,finding true love tips
fitness routine,strength training,benefits of strength training
where is,local restaurants,best dishes at local restaurants
latest gadgets,smart home,benefits of smart home technology
famous australians,australian celebrities,popular australian celebrities list
latest blockbuster,top grossing,top grossing movies this year
famous athletes,legendary athletes,greatest moments in sports
top singles,hot tracks,new releases in hot tracks
viral memes,funny memes,best funny memes collection
latest games,upcoming releases,release dates for upcoming movies
how to cook,vegetable stir-fry,best sauce for vegetable stir-fry
famous olympians,olympic records,olympic records by country
stylish shoes,trendy sneakers,best brands for trendy sneakers
what is,best burger,best toppings for burgers
current crises,current conflicts,impact of current conflicts
top scorers,top assists,top scorers in basketball
cheap flights,discount airfare,best time to book airfare
