Query 1,Query 2,Query 3
best pizza,margherita pizza,which cheese for margherita pizza
word meanings,word definitions,examples of word usage
global trends,economic shifts,impact on global markets
football highlights,football analysis,advanced football statistics analysis
how to bake,baking tips,best baking techniques to try
overall searches,search trends,analyze recent search patterns
what is love,what is passion,understanding the role of passion
image recognition,object detection,improving object detection accuracy
news items 2015,news updates,latest headlines from today
classic movies,old films,classic movies from the past
