Query 1,Query 2,Query 3,Query 4,Query 5
best pizza,margherita pizza,which cheese for margherita pizza,where to find swiss cheese,why does swiss cheese has holes
financial loss,economic impact,long-term economic consequences,what are the implications for growth,what factors influence economic expansion
when is summer,summer activities,best summer outdoor adventures,what are top summer activities,what are popular summer destinations
how to cook,meal prep,easy meal prep ideas,what are quick meal ideas,what are easy snack options
why is understanding,importance of comprehension,benefits of strong comprehension,how to improve reading comprehension,what strategies enhance reading skills
news items 2014,news highlights 2014,major events from 2014,what happened in 2015,what were the major events 2015
global trends,emerging markets,investment opportunities in emerging markets,what are the risks involved,what are the potential consequences involved
top crises,recent emergencies,latest emergency response efforts,what are the recent updates,what are the latest changes
global footballers,famous footballers,top footballers of all time,who are the greatest footballers,which footballers have the most trophies
overall searches,trending topics,latest news updates,what are today's top stories,what are the latest headlines today
