Query 1,Query 2,Query 3,Query 4,Query 5
best pizza,margherita pizza,which cheese for margherita pizza,where to find swiss cheese,why does swiss cheese has holes
transport by country,infrastructure by country,infrastructure development trends,which infrastructure projects are emerging,what are the latest infrastructure trends
transport infrastructure,transport planning,transport planning strategies implementation,how to evaluate transport strategies,what are the key performance indicators
outdoor structures,garden features,landscape design ideas,what are some plant suggestions,which plants thrive in low light
film directors,film genres,popular film genre examples,what are popular film themes,what are common film motifs today
1030s origins,1030s influence,impact of 1030s culture,how did 1930s culture evolve,what influenced art in the 1930s
entertainment spots,popular venues,trending events nearby,what are popular activities nearby,what are the best places to eat
reformed theology,calvinist doctrine,calvinist doctrine principles explained,what are calvinist beliefs,what do calvinists believe about salvation
tamil folk traditions,tamil folk music,tamil folk music history,what are the famous tamil folk songs,what are the themes in folk songs
revolutionary movements,social change,impact of social movements,how social movements influence change,how do social movements impact policy
