Query 1,Query 2,Query 3,Query 4,Query 5
best pizza,margherita pizza,which cheese for margherita pizza,where to find swiss cheese,why does swiss cheese has holes
historic buildings,architectural landmarks,famous buildings around the world,which buildings are most iconic,which structures define a city skyline
australian telecommunications,australian providers,australian service options available,what are the service options,what are the pricing details available
london landmarks,historical sites,famous landmarks around the world,which landmarks are must-see,what are the best times to visit
colonial administration,colonial governance,impact of colonial governance,how colonial governance shaped societies,how colonial policies influenced local cultures
politicians by jersey,politicians by state,current politicians in office,what are their political positions,how do they align with voters
arkansas railroads,arkansas trains,history of trains in arkansas,what were early train routes,what influenced the development of railways
greek mythology kings,heroic legends,epic tales of valor,what are legendary hero stories,what are common themes in hero tales
athens politics,athens governance,athens political structure history,how did athens democracy evolve,what factors influenced athenian democracy
motorola microprocessors,motorola processors,motorola processor specifications,which motorola processors are best,which motorola processors offer best performance
metaphysical theories,ontological perspectives,implications of ontological perspectives,how ontological views influence understanding,how epistemological views shape perspectives
transport infrastructure 1950,transport development 1960,transport advancements in 1970,what were key innovations,what impact did these innovations have
multiple units great britain,various regions,cultural differences across regions,how cultural norms vary globally,how cultural norms influence behavior globally
1045 beginnings,1045 endings,complete list of endings,what are the different endings,what are the themes present
adriatic sea history,adriatic sea geography,adriatic sea historical significance,what are adriatic sea trade routes,what are key trade ports nearby
caribbean people stubs,caribbean culture,caribbean music and dance traditions,what influences caribbean dance styles,what impacts the evolution of dance
american musical groups,popular bands,top songs by popular bands,which albums feature these songs,which artists performed these songs
1990s culture,1990s trends,1990s fashion and music trends,how did 1990s culture influence fashion,what trends emerged from 1990s fashion
1804 conclusions,1804 implications,1804 historical significance analysis,what were the key events,what were the major consequences
nobuhiro watsuki,rurouni kenshin,rurouni kenshin character analysis,which themes in rurouni kenshin,what characters embody key themes
west coast swing,swing dance,swing dance music playlists,what are popular swing songs,what swing songs are great for dancing
counties of kenya,kenyan counties,list of counties in kenya,which counties are largest,which counties have the highest populations
buildings in montana by type,architectural styles montana,historic buildings in montana,what are notable historic sites,which historic sites are most visited
harrisburg economy,harrisburg job market,harrisburg job opportunities overview,what industries are hiring now,which companies are expanding their workforce
knights by country,knights by rank,knights by title rank,which knights hold highest titles,which knights possess royal honors
bodies of water,water ecosystems,impact of pollution on ecosystems,how pollution affects biodiversity,how pollution impacts ecosystem health
plays about historical figures,biographies of leaders,achievements of influential leaders,how leadership shaped their legacies,what influences their leadership styles
local attractions,popular sites,trending websites for users,what are popular websites now,what are trending websites right now
1828 literature,romantic poetry,classic love poems collection,which poets wrote love poems,which poets are famous for love
argentina conflicts,argentina tensions,argentina political unrest updates,what is happening in argentina,what are the recent events in argentina
division ii conferences,division ii standings,division ii team rankings,how to improve team rankings,what strategies enhance team performance
mountain ranges by country,highest peaks,tallest mountains in the world,what are the highest peaks,which mountains are the tallest
idaho teachers,idaho education,idaho education system overview,what are idaho education challenges,what solutions exist for idaho education
science technology serbia,innovation research,latest trends in innovation,what are the top innovations,what are the latest trends in innovation
canadian carmakers,automotive industry,latest trends in automotive technology,what are emerging automotive innovations,what are the latest automotive trends
british power pop,uk indie pop,best uk indie pop bands,which indie pop bands to follow,which new indie pop albums to explore
1994 speed skating,olympic records,recent olympic record updates,what are the latest records,what are the recent updates
religion conflicts,religion tolerance,promoting interfaith dialogue actively,how to foster inclusive conversations,how to encourage diverse viewpoints
districts of cheshire,cheshire boundaries,cheshire county map details,what are cheshire county landmarks,which historical sites are in cheshire
political landscape,government dynamics,impact of government policies,how do policies influence economy,what factors affect economic policies
heads of agencies,agency leadership,effective agency management strategies,how to improve agency performance,what strategies enhance agency effectiveness
olympic softball players,softball olympics,softball olympics history and facts,what are notable olympic moments,what are memorable moments in olympics
arts organisations ireland,cultural initiatives ireland,cultural programs in ireland,what are popular events in ireland,what are upcoming festivals in ireland
jockey statistics,jockey records,jockey performance statistics,which jockeys have best stats,which jockeys have highest earnings
vehicle electrification,battery technology,advancements in battery technology,what are recent breakthroughs in batteries,what innovations are transforming battery technology
acipenseriformes classification,acipenseriformes habitat,acipenseriformes habitat preferences,what are acipenseriformes dietary needs,what foods do acipenseriformes prefer
british etiquette,dining customs,regional dining etiquette differences,how to adapt to dining customs,what are common dining etiquette tips
single-pass proteins,multi-pass proteins,functions of multi-pass proteins,what are multi-pass protein roles,how do multi-pass proteins function
engine manufacturers,engine specifications,engine performance details,how to improve engine performance,what modifications enhance engine efficiency
animated adaptations,live action adaptations,most popular live action adaptations,what are the best adaptations,which adaptations are most popular
