Query 1,Query 2,Query 3
best pizza,margherita pizza,which cheese for margherita pizza
auxiliary military units,support personnel,technical support staff roles
wikipedia categories,wikipedia pages,wikipedia articles on history
acadiana culture,acadian history,acadian cultural heritage and impact
politicians by italy,political parties,political party structures
lists of uk ships,uk naval vessels,uk naval vessel capabilities
olympic rowers by country,medal counts,medal counts by country
buildings completed 1967,architectural styles,notable architectural movements
spanish politicians,spanish elections,outcomes of spanish elections
state legislatures by state,state legislatures overview,state legislatures recent developments
conflicts 1879,wars 1880,conflicts during the 19th century
gun violence,gun control,impact of gun legislation
year 1672,historical events,significant historical milestones
michigan schools,michigan education,michigan education system overview
conformal mappings,complex analysis,applications of complex analysis
navy stubs,navy patterns,navy color combinations and styles
uk students,uk universities,uk universities ranking 2023
athens democracy,athens citizenship,athens citizenship requirements
unsolved biology mysteries,unexplained phenomena,mysterious events in history
1920 literature,1920 poetry,themes in 1920 poetry
expat life belgium,belgium culture,belgium cultural traditions and practices
guatemalan novels,guatemalan authors,notable guatemalan literature pieces
socialist movements,socialist ideologies,historical examples of socialism
tourist attractions armenia,cultural sites,historical landmarks to visit
bavarian towns,german villages,pictures of german villages
kool & the gang,chic band,popular chic band songs
experimental music,avant-garde sound,experimental music pioneers
animated family dysfunction,animated family drama,heartwarming animated family stories
burundi elections,burundi politics,burundi political situation analysis
1676 conclusions,further analysis,detailed report findings
