Query 1,Query 2,Query 3,Query 4,Query 5
best pizza,margherita pizza,which cheese for margherita pizza,where to find swiss cheese,why does swiss cheese has holes
top media,popular media,impact of popular media,how media influences public opinion,how does media shape political views
1961 endings,1961 highlights,events from 1961 recap,what happened in 1961 events,what were key events in 1961
visakhapatnam economy,visakhapatnam infrastructure,visakhapatnam urban development projects,what are recent developments in visakhapatnam,what is improving in visakhapatnam
latest fifa,fifa rankings,latest fifa world cup rankings,when was last fifa world cup,who won the last fifa world cup
1646 literature,modern literature,notable authors in modern literature,who are contemporary literature figures,what themes do contemporary authors explore
malaysian poetry,malay literature,popular themes in malay literature,how to analyze malay literature,what themes are prevalent in malay literature
cairo attractions,cairo museums,best exhibits in cairo museums,what to see in cairo museums,what artifacts are in cairo museums
dark matter,dark energy,properties of dark energy,how dark energy affects universe,what effects does dark energy have
popular names,trending names,popular baby names list,what are trending baby names,which baby names are most popular
