Query 1,Query 2,Query 3
best pizza,margherita pizza,which cheese for margherita pizza
rebellions in literature,revolutionary themes,impact of revolutionary movements
towns in kerala,cities in kerala,tourist attractions in kerala
cue sports,billiards strategy,advanced billiards techniques
2002 awards,2002 nominees,2002 winners and results
florida baseball,florida softball,florida softball team rankings
stealth game series,sneaky gameplay,strategies for stealthy play
infantry firearms,infantry weapons,modern infantry weapon systems
falkirk fc staff,falkirk fc players,falkirk fc recent match results
noble titles,royal hierarchy,royal titles and responsibilities
marvel characters,marvel powers,marvel character abilities list
founders by sector,investors by sector,investors by geographic location
chess history romania,romanian chess champions,list of famous romanian players
fukushima geography,fukushima demographics,fukushima population statistics
borders of texas,texas geography,texas landforms and features
speed skating results,speed skating highlights,latest speed skating results
1920s births,1920s deaths,famous people who died 1920s
jesuit missionaries,jesuit influence,impact of jesuit education
health statistics virginia,demographic trends virginia,population projections for virginia
1139 endings,1140 conclusions,further analysis of conclusions
nontrinitarian beliefs,nontrinitarian groups,historical context of nontrinitarianism
810 endings,800 conclusions,800 recommendations for improvement
education statistics montreal,school performance montreal,education rankings in montreal
theatre reviews,play critiques,read reviews of plays
togolese government ministers,togo political leaders,togo political parties and policies
history of canterbury,canterbury landmarks,explore canterbury historical sites
sport shooters competition,shooter rankings,latest shooter ranking updates
landscape design history,garden design evolution,modern garden design trends
irish companies,irish startups,irish startup funding options
wati languages,wati dialects,wati dialects in different regions
populated places pembrokeshire,towns pembrokeshire,exploring attractions in pembrokeshire
environment ministries,environmental policies,impact of environmental regulations
deity categories,deity attributes,deity symbolism and representations
argentine artists,argentine musicians,popular argentine music genres
respiratory toxins,airborne pollutants,effects of airborne pollutants
york city,new york,exploring new york city
coasts of russia,russian coastlines,russian coastal wildlife habitats
russian fairy tales,russian folklore,popular russian folktales and legends
asia events,asia conferences,upcoming asia conference events
films by english directors,movies by british filmmakers,documentaries by british filmmakers
570 beginnings,570 endings,exploring different narrative conclusions
transport infrastructure,road networks,impact of road networks
decision modeling,model evaluation,improving model performance metrics
norsk idrett 1952,norsk idrett 1960,norsk idrett utvikling 1970
ukrainian aesthetics,ukrainian culture,traditional ukrainian customs and practices
historic buildings,heritage sites,importance of preserving heritage sites
organizations established 1973,organizations established 1974,notable organizations from 1974
dutch jazz,jazz festivals,upcoming jazz festival dates
user profile,account settings,update notification preferences
african conflicts,african peace,african peace initiatives 2023
