Query 1,Query 2,Query 3
best pizza,margherita pizza,which cheese for margherita pizza
union association teams,union membership,union membership benefits overview
roman germany,german empire,collapse of the german empire
sports reporters,sports analysis,advanced metrics in sports analysis
genre characters,character traits,impact of character traits
spice blends,herb combinations,best herb pairings for cooking
garifuna culture,garifuna music,garifuna music history and culture
neo-nazism united states,white supremacy,impact of white supremacy
806 endings,807 beginnings,807 endings
421 endings,421 conclusions,422 new insights
