Query 1,Query 2,Query 3
best pizza,margherita pizza,which cheese for margherita pizza
japanese companies,japanese startups,successful japanese startups
education reforms,school funding,impact of school funding
1988 olympics,olympic highlights,top performances in olympics
famous presidents,notable leaders,impact of notable leaders
italian beaches,sandy shores,activities on sandy shores
digital graphics,graphic design,best tools for graphic design
1988 murders,unsolved cases,recent updates on unsolved cases
capitals highlights,capital cities,countries with capital cities
malawi industries,malawi economy,malawi economic growth trends
caribbean volcanoes,volcano eruptions,effects of volcano eruptions
namibian theatre,namibian drama,best namibian drama series
tatarstan history,tatarstan culture,tatarstan traditional festivals
historical events,historical conflicts,causes of historical conflicts
indian states,indian capitals,list of indian states
card tournaments,card game,best strategies for card game
historic buildings,preserved landmarks,famous preserved landmarks worldwide
great jam,smooth jam,best fruit for smooth jam
top universities,ivy league,ivy league admission requirements
modern roundabouts,roundabout design,roundabout design best practices
public transport,public transport options,best routes for public transport
regulatory compliance,compliance standards,importance of compliance standards
top teams,top players,top players statistics analysis
religious beliefs,religious practices,impact of religious practices
indigenous traditions,cultural practices,impact of cultural practices
popular manga,manga recommendations,favorite characters in manga
famous characters,iconic heroes,famous villains in literature
isle of man parishes,isle of man history,isle of man cultural heritage
gujranwala history,gujranwala culture,gujranwala traditional music
new beginnings,fresh starts,embracing new beginnings
