Query 1,Query 2,Query 3,Query 4,Query 5
best pizza,margherita pizza,which cheese for margherita pizza,where to find swiss cheese,why does swiss cheese has holes
history of inner mongolia,cultural influences,impact of cultural diversity,how to enhance cultural diversity,what are effective strategies for inclusion
greek government ministers,greek political leaders,notable greek political figures,who influenced greek politics significantly,what were the key political events
cardinals roster,cardinals stats,latest cardinals player stats,which cardinals players are injured,which cardinals players are returning soon
adelaide nightlife,adelaide clubs,best nightlife in adelaide,what are popular bars in adelaide,what are the best cocktails in adelaide
metallica albums,metallica discography,metallica album release dates,which metallica albums are best,which metallica songs are most popular
chilean culture,chilean traditions,chilean cultural celebrations and festivals,what are traditional chilean dances,which instruments accompany chilean dances
public holidays,holiday traditions,unique holiday celebrations around world,what are cultural holiday traditions,what are popular holiday celebrations worldwide
sierra leonean rhythms,african beats,exploring african rhythm patterns,how to incorporate african rhythms,what instruments enhance african rhythms
religious organisations,faith communities,support networks for faith groups,what resources are available,what tools can enhance resource utilization
spanish political orientation,spanish political parties,current spanish political landscape,what influences spanish politics today,what are the current political parties
soviet satellite states,eastern bloc,collapse of eastern bloc,what led to the collapse,what were the main consequences faced
heavy machinery,construction equipment,heavy machinery for construction,what are the best brands,which brands offer the best quality
national parks europe,hiking trails,best hiking trails near me,which trails have scenic views,what are the best scenic trails
english blues albums,classic blues albums,essential blues recordings to explore,what are classic blues albums,which artists influenced classic blues albums
adelaide architecture,adelaide buildings,historic adelaide architecture examples,which buildings define adelaide's history,what landmarks showcase adelaide's heritage
victims of anti-Catholic,anti-Catholic incidents,recent anti-Catholic violence reports,what are the latest updates,what are the recent developments
phosphodiesterase inhibitors,enzyme activators,mechanisms of enzyme activation,how does enzyme activation occur,what factors influence enzyme activation
towns in rajasthan,cities in rajasthan,popular tourist attractions rajasthan,what are the best experiences rajasthan,what are must-visit places rajasthan
scandal categories,scandal examples,notable scandals in history,what were the consequences,what were the long-term effects
1765 origins,historical context,significant events in history,what are key historical milestones,what are significant events in history
nottinghamshire towns,nottinghamshire villages,nottinghamshire village attractions,where to visit in nottinghamshire,what are the best attractions nearby
1808 conclusions,1808 analysis,1808 significance and implications,what are the long-term effects,what are the potential risks involved
films set in 1948,movies released 1948,top films from 1948,what were the best films,which films received the highest ratings
new jersey laws,new jersey regulations,new jersey compliance requirements,what are new jersey regulations,what are new jersey legal requirements
1980s literature,postmodern fiction,characteristics of postmodern literature,what are key themes present,what are common motifs explored
150s fatalities,150s casualties,150s impact on civilians,how 150s affect local populations,how 150s influence community dynamics
transport infrastructure 2004,transport infrastructure 2005,transport infrastructure developments 2020,how transport infrastructure evolved 2021,what are the latest transport trends
galaxy formation,stellar evolution,stages of stellar evolution,how do stars evolve over time,what are the stages of star formation
tennis tournaments,tennis rankings,latest tennis player rankings,which players topped rankings recently,which teams are leading standings currently
