Query 1,Query 2,Query 3
best pizza,margherita pizza,which cheese for margherita pizza
unfinished works,completed projects,ongoing project updates
buildings completed 1987,buildings completed 1988,notable architects from 1988
pirate comics,treasure maps,hidden treasures revealed in history
german painters,famous artists,notable works of famous artists
anglo-saxon bishops,celtic bishops,celtic bishops history and influence
defence forces,military tactics,strategies in modern warfare
hong kong police,hong kong protests,impact of hong kong protests
phenethylamine synthesis,phenethylamine properties,phenethylamine uses and benefits
1872 conclusions,1872 analysis,1872 historical context analysis
electronic beats,synth melodies,create new synth patterns
viking expansion,viking settlements,viking settlement locations revealed
vermont state,vermont tourism,vermont travel attractions guide
845 endings,846 continuations,more about continuations topic
new york economy,new york job market,new york employment trends 2023
people in mining,workers in mining,impact of mining on workers
1974 origins,1974 significance,events of 1974 explained
retailer categories,retailer types,retailer types examples and benefits
education in yorkshire,schools in yorkshire,top rated schools in yorkshire
algerian athletes,algerian sports,algerian athletes achievements and history
washington baseball,nationals history,nationals historical achievements
leeward antilles,windward islands,history of the windward islands
canadian aviation,canadian pilots,canadian pilot training programs
unit operations,process design,evaluate process efficiency metrics
new england whalers,whalers history,impact of whaling on ecosystems
soviet army officers,soviet military ranks,soviet military rank insignia
diplomats by nationality,ambassadors by nationality,ambassadors by country representation
pantherinae species,pantherinae habitat,pantherinae geographic distribution
post-1945 conflicts,post-1945 wars,impact of post-1945 conflicts
germanic regions,nordic countries,culture and history of nordics
drip irrigation,soil moisture,optimal soil moisture levels
literature 1944,literature 1945,literature post 1945 developments
states formed 1991,countries established 1991,countries gained independence 1991
ancient manuscripts,lost texts,missing messages from history
czech animation,czech films,notable czech film directors
olympic records,olympic achievements,notable athletes in olympics
financial services spain,banking solutions,innovative banking technologies
heritage registers,cultural preservation,importance of cultural heritage
521 endings,522 continuations,more examples of continuations
china military,china defense,china military expansion trends
people by organisation,people by role,people by department
circuit design,circuit simulation,advanced circuit simulation techniques
volcanic archipelagos,oceanic islands,unique wildlife in oceanic islands
british hip hop,uk rap,latest uk rap releases
squadrons by air force,units by air force,units by air force branches
pacific island cultures,oceanic traditions,cultural significance of oceans
political movements,social activism,impact of social movements
1680 literature,baroque poetry,themes in baroque poetry
cambodian men occupations,cambodian men jobs,cambodian men job opportunities
fortifications netherlands,defensive structures,types of defensive structures
