Query 1,Query 2,Query 3
best pizza,margherita pizza,which cheese for margherita pizza
tobacco regulations,smoking restrictions,enforcement of smoking restrictions
640s origins,640s fashion,1960s fashion trends and styles
ambient albums,chillout albums,best tracks from chillout albums
italian psychiatrists,psychiatry practices,best tools for psychiatry practices
american companies,tech startups,funding options for tech startups
former ohio valley,ohio valley history,important events in ohio valley
new york teams,new york players,top new york players statistics
historic events,major battles,impact of major battles
italian legislation,italian regulations,compliance with italian regulations
native tribes,tribal culture,importance of tribal culture
tallest mountains,highest peaks,famous mountains with highest peaks
opencl devices,opencl performance,optimizing opencl performance metrics
effective therapy,cognitive therapy,benefits of cognitive therapy
1212 beginnings,new beginnings,embracing change in life
1980 figure skating,olympic figure skating,history of olympic figure skating
chemical origins,organic compounds,types of organic compounds
ancient artifacts,historical relics,importance of historical relics
hungarian journalists,hungarian media,popular hungarian media outlets
famous abolitionists,abolitionist leaders,impact of abolitionist leaders
east slavic,east slavic languages,features of east slavic languages
egyptian deities,ancient rituals,significance of ancient rituals
iraq war,iraq conflict,impact of iraq conflict
smart thermostat,smart home,benefits of smart home technology
presidential categories,presidential elections,impact of presidential elections
historic bridges,famous bridges,history of famous bridges
ancient crowns,royal headpieces,history of royal headpieces
marseille attractions,cultural events,upcoming cultural events schedule
transport infrastructure,road maintenance,importance of road maintenance
historical narratives,historical events,impact of historical events
