Query 1,Query 2,Query 3
best pizza,margherita pizza,which cheese for margherita pizza
local media,local news,latest updates in local news
missouri nonprofits,nonprofit funding,strategies for nonprofit funding
colonial administration,colonial policies,impact of colonial policies
top cricketers,greatest batsmen,top performances by batsmen
top schools,top universities,top programs at universities
expatriate units,expat community,expat community events overview
fossil fuels,renewable energy,benefits of renewable energy
romanian athletics,romanian runners,famous romanian runners history
classic r&b,smooth r&b,best smooth r&b artists
ancient rituals,sacred ceremonies,different types of sacred ceremonies
diving ducks,diving behavior,factors influencing diving behavior
norse mythology,norse gods,norse gods and their stories
historic buildings,historic landmarks,famous historic landmarks worldwide
advanced catalysis,catalytic efficiency,factors affecting catalytic efficiency
finite groups,abelian groups,properties of abelian groups
historic buildings,historic landmarks,famous historic landmarks worldwide
1859 endings,final chapters,themes in final chapters
denver sports,rockies highlights,latest rockies game recap
macau tourism,macau attractions,best food in macau
historical battles,famous battles,impact of famous battles
effective diets,balanced meals,meal prep for balanced meals
uk valleys,uk mountains,highest peaks in uk mountains
finland medals,finland olympics,finland olympics medal history
top movies,top rated,best rated restaurants nearby
recent revivals,theater productions,upcoming theater productions 2023
hardcore scene,hardcore music,best bands in hardcore music
historic towns,ancient cities,historical significance of ancient cities
unique rock,rare gemstone,top rare gemstones to collect
top coders,top programmers,skills of top programmers
transport development,transport policy,impact of transport policy
1663 literature,baroque poetry,themes in baroque poetry
popular novels,classic novels,themes in classic novels
tudor dynasty,tudor monarchs,tudor monarchs family tree
1325 endings,alternate endings,themes in alternate endings
malaysian architecture,traditional malay,traditional malay recipes
rail upgrades,rail infrastructure,impact of rail infrastructure
popular novels,classic novels,themes in classic novels
baseball organizations,baseball teams,top players from baseball teams
pop punk,pop punk bands,top pop punk albums
venezuelan doctors,venezuelan healthcare,challenges in venezuelan healthcare
user sr,sr profile,update sr profile details
gibraltar history,gibraltar landmarks,gibraltar history and culture
1560s literature,elizabethan drama,themes in elizabethan drama
largest cities,largest suburbs,top largest suburbs by population
historic sites,ancient ruins,exploring ancient ruins history
funniest sitcom,classic sitcoms,best classic sitcom episodes
90s nostalgia,90s cartoons,favorite characters from 90s cartoons
noble families,noble titles,history of noble titles
utah legislators,utah legislation,utah legislation updates
